{
  "auroc": 0.6978765432098766,
  "auprc": 0.8238225414853233,
  "optimal_threshold": 0.30829548835754395,
  "accuracy": 0.5614814814814815,
  "sensitivity": 0.4111111111111111,
  "specificity": 0.8622222222222222,
  "precision": 0.8564814814814815,
  "f1_score": 0.5555555555555556,
  "true_positives": 185,
  "false_positives": 31,
  "false_negatives": 265,
  "true_negatives": 194
}