{
  "ssim_mean": 0.12942107973187217,
  "ssim_std": 0.08544259868391368,
  "lpips_mean": 0.5343580840528012,
  "lpips_std": 0.0330893387012333,
  "diversity_lpips_mean": 0.40445010751485827,
  "diversity_lpips_std": 0.10394153143505608,
  "fid": 144.43244095819458
}